Country,Year,Spending
Algeria,1980,0.02102063295734953
Algeria,1981,0.01818048874752571
Algeria,1982,0.020630974406413816
Algeria,1983,0.019512132516513226
Algeria,1984,0.0175512400703414
Algeria,1985,0.016437068968473613
Algeria,1986,0.017872136664519762
Algeria,1987,0.01856376276758361
Algeria,1988,0.0174969874927024
Algeria,1989,0.015401237785633725
Algeria,1990,0.014610705859434187
Algeria,1991,0.012108340592460793
Algeria,1992,0.021401321298967154
Algeria,1993,0.025056315771778234
Algeria,1994,0.03146430012101654
Algeria,1995,0.02935027107367119
Algeria,1996,0.030940883958553014
Algeria,1997,0.036374034681332434
Algeria,1998,0.03965673787930712
Algeria,1999,0.03755079982706442
Algeria,2000,0.034333939614405236
Algeria,2001,0.035204628469701085
Algeria,2002,0.03414719731033188
Algeria,2003,0.030026245094650086
Algeria,2004,0.030487570121184807
Algeria,2005,0.02732286067495574
Algeria,2006,0.025137069144358624
Algeria,2007,0.027693285030412833
Algeria,2008,0.02867405787654165
Algeria,2009,0.03512960383466804
Algeria,2010,0.031899815466736675
Algeria,2011,0.039628827473347956
Algeria,2012,0.04105898258043892
Algeria,2013,0.04423824538760416
Algeria,2014,0.04964878297829022
Algeria,2015,0.05550742159618942
Algeria,2016,0.056527183542078745
Algeria,2017,0.053071149225291075
Algeria,2018,0.04929927003116094
Algeria,2019,0.053269585375099515
Algeria,2020,0.058861482211090124
Algeria,2021,0.04890032705969967
Algeria,2022,0.040574881146029404
Algeria,2023,0.0739039327356489
Algeria,2024,0.07971457235512186
Algeria,2025,0.0883062559516761
Argentina,1980,0.030989583333333334
Argentina,1981,0.034653465346534656
Argentina,1982,0.027045579352004395
Argentina,1983,0.02738812785388128
Argentina,1984,0.02162039144287665
Argentina,1985,0.02299717247879359
Argentina,1986,0.023136787492112457
Argentina,1987,0.022843868799903997
Argentina,1988,0.021249392231366265
Argentina,1989,0.018803655923922257
Argentina,1990,0.014509092122578613
Argentina,1991,0.015069265552963548
Argentina,1992,0.014212222334877693
Argentina,1993,0.014228029005729266
Argentina,1994,0.014570385332504661
Argentina,1995,0.014730731072115087
Argentina,1996,0.01241227264376263
Argentina,1997,0.011401391113129527
Argentina,1998,0.011363180218633341
Argentina,1999,0.012203595475499342
Argentina,2000,0.011488226766688717
Argentina,2001,0.011842335418705828
Argentina,2002,0.010918804785974791
Argentina,2003,0.010608950570483814
Argentina,2004,0.008832953588335295
Argentina,2005,0.008471547838859613
Argentina,2006,0.007882338774614688
Argentina,2007,0.007925481750313618
Argentina,2008,0.007627564753904611
Argentina,2009,0.008865085766863847
Argentina,2010,0.008148781182206953
Argentina,2011,0.007642870953102354
Argentina,2012,0.007848247353647416
Argentina,2013,0.008377364272139202
Argentina,2014,0.008781009242367648
Argentina,2015,0.008501285974638152
Argentina,2016,0.008092453627175634
Argentina,2017,0.008477548112594397
Argentina,2018,0.007323003475385411
Argentina,2019,0.006996961343791967
Argentina,2020,0.007341115939487435
Argentina,2021,0.006317886192547052
Argentina,2022,0.006845864092919559
Argentina,2023,0.007517538116188501
Argentina,2024,0.006547720625278224
Argentina,2025,0.005631741127021983
Australia,1980,0.022489569040351712
Australia,1981,0.022966019447106432
Australia,1982,0.023932652161369167
Australia,1983,0.02519811819165262
Australia,1984,0.025052336507001262
Australia,1985,0.025232683787051655
Australia,1986,0.025404297515786677
Australia,1987,0.02372988832413927
Australia,1988,0.021580613848571694
Australia,1989,0.02045936631690318
Australia,1990,0.02073530228369592
Australia,1991,0.02160888081503335
Australia,1992,0.02164693163810747
Australia,1993,0.021723774068362157
Australia,1994,0.021106525584137524
Australia,1995,0.020166377735180156
Australia,1996,0.019267426065250434
Australia,1997,0.018617525961647268
Australia,1998,0.018656421080403666
Australia,1999,0.018839958514078152
Australia,2000,0.01820957998658883
Australia,2001,0.018597273264857675
Australia,2002,0.018649042525656537
Australia,2003,0.01839608184850215
Australia,2004,0.018191683833542832
Australia,2005,0.01793347817090834
Australia,2006,0.01814417083729927
Australia,2007,0.018077702699729175
Australia,2008,0.017911208333299736
Australia,2009,0.019173286348837797
Australia,2010,0.018468010962166517
Australia,2011,0.01749593390017852
Australia,2012,0.016642139448246034
Australia,2013,0.01630954585700115
Australia,2014,0.01764997713805468
Australia,2015,0.01944529671765117
Australia,2016,0.020813201298457613
Australia,2017,0.019974568637306962
Australia,2018,0.01888316264971602
Australia,2019,0.018722862730159745
Australia,2020,0.02001473296500921
Australia,2021,0.019734660404895847
Australia,2022,0.01877107967877591
Australia,2023,0.018555831996838017
Australia,2024,0.019021630715704306
Australia,2025,0.01917873083691095
Brazil,1980,0.01138434420743627
Brazil,1981,0.011431487681887622
Brazil,1982,0.013035343610749772
Brazil,1983,0.012545803230047402
Brazil,1984,0.011995410451653279
Brazil,1985,0.014295231221895298
Brazil,1986,0.012203887275014227
Brazil,1987,0.01743994031453669
Brazil,1988,0.021180722049862023
Brazil,1989,0.0268625
Brazil,1990,0.023638410251969867
Brazil,1991,0.019633333333333332
Brazil,1992,0.015215288611544461
Brazil,1993,0.019279228149829738
Brazil,1994,0.020160077891210035
Brazil,1995,0.0186213698033379
Brazil,1996,0.01654843499502908
Brazil,1997,0.015776883155177446
Brazil,1998,0.01662291919758236
Brazil,1999,0.016454746665698697
Brazil,2000,0.017307261471362696
Brazil,2001,0.01951882445325323
Brazil,2002,0.018957711991561658
Brazil,2003,0.015034776355450655
Brazil,2004,0.014612684089062083
Brazil,2005,0.015240134627331947
Brazil,2006,0.01481084956362861
Brazil,2007,0.014662920999290181
Brazil,2008,0.014419240883771708
Brazil,2009,0.015386256760121108
Brazil,2010,0.015394069812836171
Brazil,2011,0.014118511592452396
Brazil,2012,0.013786564647043673
Brazil,2013,0.013294460838255697
Brazil,2014,0.01330244423168003
Brazil,2015,0.013655171539616068
Brazil,2016,0.013479754129948217
Brazil,2017,0.014140216679758602
Brazil,2018,0.014696777235067083
Brazil,2019,0.013827972463879717
Brazil,2020,0.013266602686055517
Brazil,2021,0.011490376302614192
Brazil,2022,0.010524008384594486
Brazil,2023,0.009943852628593234
Brazil,2024,0.009590737136002959
Brazil,2025,0.010544932096497133
Canada,1980,0.01764448614777824
Canada,1981,0.017099156381511965
Canada,1982,0.019543435853829973
Canada,1983,0.020811962487785194
Canada,1984,0.021171888554257067
Canada,1985,0.020973762337507258
Canada,1986,0.021091971178891052
Canada,1987,0.02062576371010593
Canada,1988,0.019867671189083565
Canada,1989,0.019346143086503842
Canada,1990,0.01958793742214169
Canada,1991,0.018954443385806437
Canada,1992,0.01861687699862951
Canada,1993,0.01821753503927479
Canada,1994,0.016966802573186505
Canada,1995,0.015540900711477667
Canada,1996,0.014037525810645457
Canada,1997,0.012462432015116688
Canada,1998,0.012562939015686801
Canada,1999,0.012417030641025771
Canada,2000,0.011143498021374758
Canada,2001,0.01133356282813315
Canada,2002,0.011168691473694264
Canada,2003,0.011119373068833796
Canada,2004,0.011041893914268667
Canada,2005,0.01107105424208105
Canada,2006,0.01122524729320515
Canada,2007,0.011857902299670209
Canada,2008,0.01245518366775475
Canada,2009,0.01377555631075252
Canada,2010,0.011943383383912109
Canada,2011,0.011932918954963831
Canada,2012,0.011184045980710386
Canada,2013,0.010023672004739657
Canada,2014,0.010915287904444237
Canada,2015,0.011709557015254408
Canada,2016,0.011430987374940449
Canada,2017,0.012973776221701818
Canada,2018,0.012514254539456763
Canada,2019,0.01220374604668211
Canada,2020,0.014166486927427589
Canada,2021,0.01221379027398654
Canada,2022,0.011416483557651652
Canada,2023,0.013146777586915693
Canada,2024,0.013487460223428858
Canada,2025,0.01627447396350995
China,1980,
China,1981,
China,1982,
China,1983,
China,1984,
China,1985,
China,1986,
China,1987,
China,1988,
China,1989,0.024471013153258277
China,1990,0.02454016115527347
China,1991,0.023112434115531464
China,1992,0.02473736316475916
China,1993,0.019882669871606966
China,1994,0.017404449319823254
China,1995,0.01677768445434992
China,1996,0.016436425726093083
China,1997,0.016222696934733924
China,1998,0.016421968604039713
China,1999,0.018547847220009458
China,2000,0.01817122778735756
China,2001,0.019602031124079867
China,2002,0.020327374282708588
China,2003,0.019682847762508397
China,2004,0.01910324373006541
China,2005,0.018463439990556607
China,2006,0.018432182484891747
China,2007,0.017240735848177542
China,2008,0.01689197989115741
China,2009,0.018614565608681282
China,2010,0.01704021933195119
China,2011,0.016330858192468937
China,2012,0.016731971884429406
China,2013,0.016839621267270302
China,2014,0.01706015659415741
China,2015,0.01742239551069861
China,2016,0.01734498714491647
China,2017,0.016802504327741805
China,2018,0.01643666897734351
China,2019,0.016505247515538855
China,2020,0.01720541627513925
China,2021,0.015716370376944837
China,2022,0.015918125379902066
China,2023,0.016215129762345834
China,2024,0.016640184492643748
China,2025,0.01724723316575711
Colombia,1980,0.018301216492625685
Colombia,1981,0.01755120361917923
Colombia,1982,0.017138509590357585
Colombia,1983,0.022199375274217947
Colombia,1984,0.02325894963931774
Colombia,1985,0.02054016609342151
Colombia,1986,0.01944619591158463
Colombia,1987,0.019831354164187746
Colombia,1988,0.021992447554831946
Colombia,1989,0.02188183807439825
Colombia,1990,0.018601592995480688
Colombia,1991,0.0185348178319724
Colombia,1992,0.02106677942553384
Colombia,1993,0.025252670182909682
Colombia,1994,0.025084070134704716
Colombia,1995,0.028316265805770076
Colombia,1996,0.04445393253964314
Colombia,1997,0.028017878857593586
Colombia,1998,0.034409857420470806
Colombia,1999,0.03762742057862963
Colombia,2000,0.03031683538658521
Colombia,2001,0.033238728188053186
Colombia,2002,0.03417127623581972
Colombia,2003,0.03463988690814959
Colombia,2004,0.03465015174063075
Colombia,2005,0.03374679693926464
Colombia,2006,0.03295824991352292
Colombia,2007,0.03286301709494453
Colombia,2008,0.03737246985651154
Colombia,2009,0.03886963837063531
Colombia,2010,0.03636915046134617
Colombia,2011,0.03077106989562585
Colombia,2012,0.031560058634042855
Colombia,2013,0.03272262856518689
Colombia,2014,0.031082588481104415
Colombia,2015,0.03109960084106714
Colombia,2016,0.030711310261153858
Colombia,2017,0.03208096724394359
Colombia,2018,0.030332327385044003
Colombia,2019,0.031456566937215345
Colombia,2020,0.03534404132193357
Colombia,2021,0.03195758253469101
Colombia,2022,0.02795533075082376
Colombia,2023,0.029428005972628398
Colombia,2024,0.03313140921696543
Colombia,2025,0.03202105085963565
Egypt,1980,0.06160310277957337
Egypt,1981,0.07416909620991254
Egypt,1982,0.07188960605386156
Egypt,1983,0.07958673932788374
Egypt,1984,0.08265232070173224
Egypt,1985,0.07856933059197352
Egypt,1986,0.07498130565815413
Egypt,1987,0.06528742770640066
Egypt,1988,0.050608766233766235
Egypt,1989,0.03968098958333333
Egypt,1990,0.03467699535789301
Egypt,1991,0.03611744704200409
Egypt,1992,0.03215500631723587
Egypt,1993,0.030977369924992327
Egypt,1994,0.031539346510063675
Egypt,1995,0.030820362341483692
Egypt,1996,0.02974811869796452
Egypt,1997,0.028414852184644734
Egypt,1998,0.026593832909436916
Egypt,1999,0.025697674781427576
Egypt,2000,0.02551265139827389
Egypt,2001,0.029855685603380682
Egypt,2002,0.032784547965037374
Egypt,2003,0.03177285270097256
Egypt,2004,0.028775312365359743
Egypt,2005,0.02714220406576055
Egypt,2006,0.026062186026133066
Egypt,2007,0.02379634675097092
Egypt,2008,0.02180785485370161
Egypt,2009,0.02032645043072253
Egypt,2010,0.019529670517452916
Egypt,2011,0.01837025511376185
Egypt,2012,0.016481757926792857
Egypt,2013,0.01610056976994195
Egypt,2014,0.016896948356807513
Egypt,2015,0.017231474282908468
Egypt,2016,0.01666605152432273
Egypt,2017,0.014220317002881844
Egypt,2018,0.012499661964213277
Egypt,2019,0.011809717968471092
Egypt,2020,0.011224755033239863
Egypt,2021,0.011220092714315366
Egypt,2022,0.010147559655952066
Egypt,2023,0.008089187070931645
Egypt,2024,0.006667691705579795
Egypt,2025,0.006055802166128685
France,1980,0.03155205084919151
France,1981,0.032461326104641634
France,1982,0.032238391338373036
France,1983,0.03237131774752253
France,1984,0.0318736925092314
France,1985,0.03143932802297262
France,1986,0.030857650157534593
France,1987,0.031204516051351695
France,1988,0.030003405890704233
France,1989,0.02917834658735072
France,1990,0.028446395949775855
France,1991,0.02849219253422084
France,1992,0.027275681658862894
France,1993,0.02721684413845939
France,1994,0.026907323830696318
France,1995,0.025154222628015817
France,1996,0.024376632643491217
France,1997,0.023939569675418926
France,1998,0.022468089386267015
France,1999,0.021981532992230768
France,2000,0.020921890102630878
France,2001,0.02041484152809439
France,2002,0.020585726401816537
France,2003,0.021064709567845976
France,2004,0.021141663385940347
France,2005,0.02028137017327435
France,2006,0.019773774477567913
France,2007,0.019109577778942854
France,2008,0.01899345046791716
France,2009,0.02098777914530342
France,2010,0.01968643750394963
France,2011,0.01887946149814945
France,2012,0.01871544094632217
France,2013,0.018471164836185917
France,2014,0.01859529065568988
France,2015,0.018697326820440213
France,2016,0.01851718096161194
France,2017,0.01852308818790403
France,2018,0.018460425714458936
France,2019,0.018528852069651314
France,2020,0.020216745528423227
France,2021,0.019802222580793456
France,2022,0.01958781267742106
France,2023,0.019481758891564126
France,2024,0.020115758077871092
France,2025,0.020266296920856373
Germany,1980,0.02947628419803119
Germany,1981,0.03027785215425032
Germany,1982,0.03020236296785992
Germany,1983,0.030129485326696948
Germany,1984,0.02912666072996532
Germany,1985,0.028540935535133448
Germany,1986,0.027773996495377765
Germany,1987,0.02759453648275436
Germany,1988,0.02628673340178114
Germany,1989,0.02520696580260114
Germany,1990,0.025067636118122166
Germany,1991,0.019738225034875358
Germany,1992,0.01836079729995405
Germany,1993,0.016772597330502976
Germany,1994,0.015366036133542
Germany,1995,0.014872724687462074
Germany,1996,0.014573717528316713
Germany,1997,0.01402707590519294
Germany,1998,0.01381656989091395
Germany,1999,0.013803477990625906
Germany,2000,0.013442158195397243
Germany,2001,0.013078982689864689
Germany,2002,0.01313440334269445
Germany,2003,0.012986963477858026
Germany,2004,0.012507280811721701
Germany,2005,0.012327558382168181
Germany,2006,0.011789865137788623
Germany,2007,0.011527923625807365
Germany,2008,0.011890537137737132
Germany,2009,0.012852535114696648
Germany,2010,0.012421901455304635
Germany,2011,0.011827246979333142
Germany,2012,0.012177379897687976
Germany,2013,0.011624622533560326
Germany,2014,0.011279639936069051
Germany,2015,0.011149197772616398
Germany,2016,0.011294431038961446
Germany,2017,0.01130582099000633
Germany,2018,0.011471718651263967
Germany,2019,0.012393070381762258
Germany,2020,0.013555576807159086
Germany,2021,0.01297748170999962
Germany,2022,0.013360197924996053
Germany,2023,0.015033264680717936
Germany,2024,0.018385782299253632
Germany,2025,0.02268510925145227
India,1980,0.03133781329725835
India,1981,0.03186248122183275
India,1982,0.033451176655513885
India,1983,0.03323068659707403
India,1984,0.03416875594363275
India,1985,0.035690302776082976
India,1986,0.04106468680662229
India,1987,0.04231317527010804
India,1988,0.037286717827626915
India,1989,0.03534179727672879
India,1990,0.03146214610299615
India,1991,0.029099743276426747
India,1992,0.02704839705614089
India,1993,0.02823542245687227
India,1994,0.026646737270860428
India,1995,0.025784835724606908
India,1996,0.02472768225467398
India,1997,0.026477324260171624
India,1998,0.02727311416793762
India,1999,0.02957195647434119
India,2000,0.02948929906225716
India,2001,0.029244355462895968
India,2002,0.028268668304583758
India,2003,0.0267777693222748
India,2004,0.02828752247981048
India,2005,0.029105875016448218
India,2006,0.02680381560227632
India,2007,0.024782465280355694
India,2008,0.026314607812411225
India,2009,0.03129384727374723
India,2010,0.028894632716464076
India,2011,0.02704482222769659
India,2012,0.026181663475856203
India,2013,0.025488248901417033
India,2014,0.02543981764622566
India,2015,0.02457450060601625
India,2016,0.025431515211454148
India,2017,0.025315113605679052
India,2018,0.024242845260441674
India,2019,0.02545998231435898
India,2020,0.02803615811126794
India,2021,0.024687415303418524
India,2022,0.023830980983588244
India,2023,0.02356794266782624
India,2024,0.022233765418523323
India,2025,0.022951791793515173
Indonesia,1980,0.029172176905625836
Indonesia,1981,0.02884622001403818
Indonesia,1982,0.02901928269711264
Indonesia,1983,0.023981294204037464
Indonesia,1984,0.022854202592201146
Indonesia,1985,0.021705993536979454
Indonesia,1986,0.020097653956295113
Indonesia,1987,0.017221876700614164
Indonesia,1988,0.015308410589377154
Indonesia,1989,0.013891363413656408
Indonesia,1990,0.014104929196741058
Indonesia,1991,0.013240641839588108
Indonesia,1992,0.013568760070114556
Indonesia,1993,0.012235578089369753
Indonesia,1994,0.012661556171838208
Indonesia,1995,0.012263098606423564
Indonesia,1996,0.01264392528278079
Indonesia,1997,0.014977417376273509
Indonesia,1998,0.010191168438740513
Indonesia,1999,0.008108126540150765
Indonesia,2000,0.006844837635004353
Indonesia,2001,0.00572792652704213
Indonesia,2002,0.007001202088010407
Indonesia,2003,0.009092850367736521
Indonesia,2004,0.009457146217272184
Indonesia,2005,0.00750789394004931
Indonesia,2006,0.006587027776287102
Indonesia,2007,0.0071236193115127005
Indonesia,2008,0.00578945804493387
Indonesia,2009,0.005711338919964235
Indonesia,2010,0.00617587091951932
Indonesia,2011,0.006537767026068072
Indonesia,2012,0.007115494734063825
Indonesia,2013,0.009187698391830661
Indonesia,2014,0.007778551782328311
Indonesia,2015,0.008822667344812393
Indonesia,2016,0.007922202134968524
Indonesia,2017,0.008651913762219923
Indonesia,2018,0.007189281904763445
Indonesia,2019,0.0072856374355152465
Indonesia,2020,0.008862777288548966
Indonesia,2021,0.007415258449179751
Indonesia,2022,0.007680126035769695
Indonesia,2023,0.008211081204668123
Indonesia,2024,0.00860301773831874
Indonesia,2025,0.010446886384200042
Iran,1980,0.05343150185423681
Iran,1981,0.0819038082342705
Iran,1982,0.0790689063839738
Iran,1983,0.0709708065005957
Iran,1984,0.06354853844404004
Iran,1985,0.06512418440332049
Iran,1986,0.06079335975237081
Iran,1987,0.05889107788632806
Iran,1988,0.06269777621033001
Iran,1989,0.0455798049268961
Iran,1990,0.02942650125347595
Iran,1991,0.021697079665705183
Iran,1992,0.017893054443735616
Iran,1993,0.01700361201749712
Iran,1994,0.02073010005126147
Iran,1995,0.021541658849803864
Iran,1996,0.022448645106428095
Iran,1997,0.024988747250577703
Iran,1998,0.026290792476900415
Iran,1999,0.02404551737801059
Iran,2000,0.022950422215257216
Iran,2001,0.024181792967932377
Iran,2002,0.021745763661274266
Iran,2003,0.024050402653568975
Iran,2004,0.028345578046394794
Iran,2005,0.03036654498048169
Iran,2006,0.033151938003344074
Iran,2007,0.02653982821158913
Iran,2008,0.02683341920556369
Iran,2009,0.030477055491766165
Iran,2010,0.02786548060616403
Iran,2011,0.023816345425042743
Iran,2012,0.026866084684997394
Iran,2013,0.021807719090983665
Iran,2014,0.021165570614494884
Iran,2015,0.025570908068691545
Iran,2016,0.027964355628100436
Iran,2017,0.028443384495596025
Iran,2018,0.02356294883243833
Iran,2019,0.021469474501483767
Iran,2020,0.02177010276095222
Iran,2021,0.0231762065251405
Iran,2022,0.02238073604579379
Iran,2023,0.02493810940400675
Iran,2024,0.02218780125314899
Iran,2025,0.020915792291092736
Israel,1980,0.1891933663046984
Israel,1981,0.202622686197897
Israel,1982,0.18388210080059567
Israel,1983,0.1554688867707989
Israel,1984,0.1618222891566265
Israel,1985,0.16600643527798292
Israel,1986,0.14767712882713674
Israel,1987,0.1690014494803083
Israel,1988,0.15947094557291394
Israel,1989,0.12445732654721883
Israel,1990,0.12362686187266993
Israel,1991,0.15586982913660233
Israel,1992,0.10925077527679025
Israel,1993,0.11523243990746944
Israel,1994,0.10119965835375838
Israel,1995,0.07427868713255796
Israel,1996,0.07280816636642941
Israel,1997,0.07083353450063916
Israel,1998,0.06623157075695128
Israel,1999,0.06216333227526226
Israel,2000,0.060167832460015336
Israel,2001,0.06213620789157971
Israel,2002,0.06323570276559062
Israel,2003,0.06196221619030383
Israel,2004,0.061234908954881415
Israel,2005,0.05980995721255032
Israel,2006,0.05814409532718342
Israel,2007,0.06088161331400027
Israel,2008,0.06174837703414705
Israel,2009,0.05916355597092489
Israel,2010,0.05711404216693614
Israel,2011,0.05433352525981838
Israel,2012,0.05313002714306436
Israel,2013,0.05280080182573555
Israel,2014,0.05456453780998608
Israel,2015,0.05275251587309139
Israel,2016,0.051708462671154504
Israel,2017,0.05268895961490771
Israel,2018,0.05130340240707904
Israel,2019,0.049583154396992096
Israel,2020,0.05119175433144256
Israel,2021,0.048119930520867195
Israel,2022,0.043363233594757994
Israel,2023,0.05279164113965233
Israel,2024,0.08468134053430075
Israel,2025,0.07809064087959404
Italy,1980,0.017636432370897223
Italy,1981,0.018211125060357315
Italy,1982,0.020053729031431045
Italy,1983,0.020165014199204596
Italy,1984,0.02008607773606453
Italy,1985,0.019363689201663477
Italy,1986,0.019771426421066666
Italy,1987,0.020603536440041374
Italy,1988,0.020728574592448357
Italy,1989,0.020264273198953565
Italy,1990,0.018807984132591955
Italy,1991,0.018588526837555373
Italy,1992,0.017519769834748698
Italy,1993,0.017867679733127004
Italy,1994,0.017137427595510124
Italy,1995,0.01459637176762247
Italy,1996,0.01581427835426431
Italy,1997,0.01618935237928955
Italy,1998,0.016362128225654384
Italy,1999,0.0167522558920443
Italy,2000,0.017333974080779007
Italy,2001,0.016668744423050455
Italy,2002,0.016939425489348275
Italy,2003,0.016983995123575624
Italy,2004,0.016722893140331787
Italy,2005,0.015951612366334904
Italy,2006,0.015143431716684055
Italy,2007,0.01440918238074581
Italy,2008,0.01530051247208464
Italy,2009,0.015474890960634724
Italy,2010,0.014943131245462222
Italy,2011,0.01468292205529968
Italy,2012,0.01419462385445268
Italy,2013,0.013916774766698533
Italy,2014,0.012507773383312019
Italy,2015,0.011790274107564842
Italy,2016,0.012965312568499159
Italy,2017,0.01284728571567785
Italy,2018,0.01320364164837195
Italy,2019,0.012479803962913125
Italy,2020,0.016623953398176385
Italy,2021,0.016080586704834945
Italy,2022,0.016019037546483546
Italy,2023,0.01533952857406955
Italy,2024,0.015897659385982865
Italy,2025,0.018887272002891593
Japan,1980,0.009067942134500637
Japan,1981,0.009166481529716396
Japan,1982,0.009263755668820484
Japan,1983,0.00952297427190256
Japan,1984,0.009584041587589735
Japan,1985,0.009593979139648804
Japan,1986,0.00962811252055438
Japan,1987,0.009655109128384675
Japan,1988,0.009497088587314803
Japan,1989,0.009407810358868824
Japan,1990,0.009417917661326932
Japan,1991,0.00940821904384541
Japan,1992,0.009483124403317089
Japan,1993,0.009506638247552263
Japan,1994,0.008872478075430104
Japan,1995,0.008859002848830984
Japan,1996,0.008771796534010804
Japan,1997,0.008872666333280335
Japan,1998,0.009119432376821748
Japan,1999,0.009196659096398288
Japan,2000,0.009025390011093223
Japan,2001,0.009182226583934201
Japan,2002,0.00926382461905803
Japan,2003,0.00928977816035026
Japan,2004,0.009175340667570586
Japan,2005,0.009086078461766631
Japan,2006,0.008939750187766157
Japan,2007,0.008763916918087816
Japan,2008,0.008984392211198722
Japan,2009,0.009643510906022628
Japan,2010,0.00940458443229744
Japan,2011,0.009676399104445446
Japan,2012,0.009474807915674833
Japan,2013,0.009298405043753484
Japan,2014,0.009407477854217512
Japan,2015,0.009285848783657085
Japan,2016,0.009101129628077456
Japan,2017,0.008937632162429507
Japan,2018,0.009413191592987058
Japan,2019,0.009680656934306569
Japan,2020,0.009902895694674882
Japan,2021,0.01025969726735485
Japan,2022,0.009699722055337265
Japan,2023,0.010968772934042971
Japan,2024,0.012946292015779863
Japan,2025,0.014116699864430388
"Korea, North",1980,
"Korea, North",1981,
"Korea, North",1982,
"Korea, North",1983,
"Korea, North",1984,
"Korea, North",1985,
"Korea, North",1986,
"Korea, North",1987,
"Korea, North",1988,
"Korea, North",1989,
"Korea, North",1990,
"Korea, North",1991,
"Korea, North",1992,
"Korea, North",1993,
"Korea, North",1994,
"Korea, North",1995,
"Korea, North",1996,
"Korea, North",1997,
"Korea, North",1998,
"Korea, North",1999,
"Korea, North",2000,
"Korea, North",2001,
"Korea, North",2002,
"Korea, North",2003,
"Korea, North",2004,
"Korea, North",2005,
"Korea, North",2006,
"Korea, North",2007,
"Korea, North",2008,
"Korea, North",2009,
"Korea, North",2010,
"Korea, North",2011,
"Korea, North",2012,
"Korea, North",2013,
"Korea, North",2014,
"Korea, North",2015,
"Korea, North",2016,
"Korea, North",2017,
"Korea, North",2018,
"Korea, North",2019,
"Korea, North",2020,
"Korea, North",2021,
"Korea, North",2022,
"Korea, North",2023,
"Korea, North",2024,
"Korea, North",2025,
"Korea, South",1980,0.06398772113209045
"Korea, South",1981,0.06415857297826628
"Korea, South",1982,0.06240894485342073
"Korea, South",1983,0.05726813608425009
"Korea, South",1984,0.05254535392775151
"Korea, South",1985,0.05225531684628279
"Korea, South",1986,0.04948256250942161
"Korea, South",1987,0.04468605550459541
"Korea, South",1988,0.04281215937992007
"Korea, South",1989,0.04290235294911503
"Korea, South",1990,0.04002304289221855
"Korea, South",1991,0.03711127841079668
"Korea, South",1992,0.036902726902726904
"Korea, South",1993,0.03417894838239139
"Korea, South",1994,0.031927526689554626
"Korea, South",1995,0.02892332986188096
"Korea, South",1996,0.027434796633334774
"Korea, South",1997,0.026633878077206418
"Korea, South",1998,0.027944420039170463
"Korea, South",1999,0.024925772197961146
"Korea, South",2000,0.02309863371281914
"Korea, South",2001,0.022802338166751732
"Korea, South",2002,0.021694477537907472
"Korea, South",2003,0.02175241245295323
"Korea, South",2004,0.021657883244234906
"Korea, South",2005,0.022804017893109235
"Korea, South",2006,0.0229892381866626
"Korea, South",2007,0.022709353751589088
"Korea, South",2008,0.0238850767922871
"Korea, South",2009,0.024999015379077782
"Korea, South",2010,0.023612279233069064
"Korea, South",2011,0.023711428899064687
"Korea, South",2012,0.02392059497332536
"Korea, South",2013,0.023912870731854777
"Korea, South",2014,0.024132723111010855
"Korea, South",2015,0.023763712275444975
"Korea, South",2016,0.02335799842142598
"Korea, South",2017,0.022981310727609377
"Korea, South",2018,0.023615096789584518
"Korea, South",2019,0.02519319979440656
"Korea, South",2020,0.026429770690201228
"Korea, South",2021,0.02619049412440007
"Korea, South",2022,0.02576425603950086
"Korea, South",2023,0.025992577105255356
"Korea, South",2024,0.02538385597882776
"Korea, South",2025,0.02601468951273027
Mexico,1980,0.004161073825503355
Mexico,1981,0.00513301014380576
Mexico,1982,0.004954194175751062
Mexico,1983,0.005228663139882118
Mexico,1984,0.006598190599278961
Mexico,1985,0.006763131393438279
Mexico,1986,0.0063462246309670374
Mexico,1987,0.005803418891914559
Mexico,1988,0.005361453741847924
Mexico,1989,0.00517255829376633
Mexico,1990,0.004330810354740317
Mexico,1991,0.004354023007822917
Mexico,1992,0.004694546557312086
Mexico,1993,0.004004412669757907
Mexico,1994,0.004760114772262714
Mexico,1995,0.00411044545371404
Mexico,1996,0.004356910778737702
Mexico,1997,0.004172438612156431
Mexico,1998,0.004059876049187628
Mexico,1999,0.004202637939110226
Mexico,2000,0.004085181378342001
Mexico,2001,0.004056792104430651
Mexico,2002,0.003913163896993238
Mexico,2003,0.0038671435196889533
Mexico,2004,0.0034832658301408633
Mexico,2005,0.0034040465022647406
Mexico,2006,0.002974834142351441
Mexico,2007,0.0038309243197954604
Mexico,2008,0.0037317675556546963
Mexico,2009,0.0047848879582275405
Mexico,2010,0.004332298992074791
Mexico,2011,0.004473869999721321
Mexico,2012,0.0045550205117491326
Mexico,2013,0.004876428758973801
Mexico,2014,0.004953210313728057
Mexico,2015,0.0045074282393045015
Mexico,2016,0.004800462724454008
Mexico,2017,0.004248491555401472
Mexico,2018,0.004646115449315393
Mexico,2019,0.005093376282975637
Mexico,2020,0.007176906082586955
Mexico,2021,0.006594041929546473
Mexico,2022,0.006855997054695953
Mexico,2023,0.006601468369899222
Mexico,2024,0.011251061644955916
Mexico,2025,0.007368094923746284
Nigeria,1980,0.03295603739805053
Nigeria,1981,0.027700720500129148
Nigeria,1982,0.02267201692300481
Nigeria,1983,0.02219841302718642
Nigeria,1984,0.015567948341649545
Nigeria,1985,0.01436786263869766
Nigeria,1986,0.013115536465790273
Nigeria,1987,0.007697936762875036
Nigeria,1988,0.008843512959700902
Nigeria,1989,0.0057989464847461696
Nigeria,1990,0.008331153055503644
Nigeria,1991,0.007736912923688089
Nigeria,1992,0.00564010709444363
Nigeria,1993,0.009332183017240118
Nigeria,1994,0.007814522877371333
Nigeria,1995,0.00483558767048935
Nigeria,1996,0.004061778115688316
Nigeria,1997,0.004358357554220394
Nigeria,1998,0.005483123928642213
Nigeria,1999,0.008554156303262343
Nigeria,2000,0.005435316451865782
Nigeria,2001,0.007803158769861674
Nigeria,2002,0.009543380448513503
Nigeria,2003,0.0057070754487493205
Nigeria,2004,0.004909967691307593
Nigeria,2005,0.0039742293717406904
Nigeria,2006,0.0034837543409558854
Nigeria,2007,0.003703548311598922
Nigeria,2008,0.004890841346089382
Nigeria,2009,0.005058556275922036
Nigeria,2010,0.005392311181316929
Nigeria,2011,0.005792270310409213
Nigeria,2012,0.0050426493020498475
Nigeria,2013,0.004696953045206358
Nigeria,2014,0.004147187765865088
Nigeria,2015,0.004176365377307143
Nigeria,2016,0.0043294778467316926
Nigeria,2017,0.004306712188639169
Nigeria,2018,0.005069445173935823
Nigeria,2019,0.004591705243870927
Nigeria,2020,0.0063202291347416555
Nigeria,2021,0.010127019267828353
Nigeria,2022,0.006501666917894135
Nigeria,2023,0.008426542773651966
Nigeria,2024,0.005554293672363924
Nigeria,2025,0.009094449270720074
Norway,1980,0.026190188688838188
Norway,1981,0.026239721528599578
Norway,1982,0.027445921064168242
Norway,1983,0.02794971531653419
Norway,1984,0.025444343506658886
Norway,1985,0.027960002317027253
Norway,1986,0.028084170183099753
Norway,1987,0.029783244255996866
Norway,1988,0.02840755085200065
Norway,1989,0.02857320260331115
Norway,1990,0.028339918998321022
Norway,1991,0.02697551029190456
Norway,1992,0.029071705204693682
Norway,1993,0.02633618618636172
Norway,1994,0.026769812380606346
Norway,1995,0.02307457498302424
Norway,1996,0.021630421590788415
Norway,1997,0.020160513081115182
Norway,1998,0.02155827660969525
Norway,1999,0.020378803012800217
Norway,2000,0.017044234699151565
Norway,2001,0.01702231685802332
Norway,2002,0.02075319104047259
Norway,2003,0.01969404499121049
Norway,2004,0.018424347765785686
Norway,2005,0.015758846731432616
Norway,2006,0.01444668027944092
Norway,2007,0.0145917207799086
Norway,2008,0.01370333716608794
Norway,2009,0.015969097991894124
Norway,2010,0.01507627954928146
Norway,2011,0.014425275514078826
Norway,2012,0.013931899961181087
Norway,2013,0.014052521813978097
Norway,2014,0.014622794277646487
Norway,2015,0.01498123272664889
Norway,2016,0.016173438359967072
Norway,2017,0.017051532859499088
Norway,2018,0.017152973747833474
Norway,2019,0.01843735378184272
Norway,2020,0.01965983692394358
Norway,2021,0.01676321846948992
Norway,2022,0.014580566048103013
Norway,2023,0.018220116634934537
Norway,2024,0.022316488877548155
Norway,2025,0.032784814370343564
Pakistan,1980,0.05523244466997151
Pakistan,1981,0.057108705757354404
Pakistan,1982,0.06375717086631327
Pakistan,1983,0.0664379805914383
Pakistan,1984,0.06659491457016009
Pakistan,1985,0.06922133598191935
Pakistan,1986,0.06991656010524282
Pakistan,1987,0.06971880083662561
Pakistan,1988,0.0678581073127497
Pakistan,1989,0.06532725255762356
Pakistan,1990,0.06522320235231222
Pakistan,1991,0.06570952788154283
Pakistan,1992,0.06698187549251379
Pakistan,1993,0.06427312623103772
Pakistan,1994,0.0592354829296761
Pakistan,1995,0.05820225282857931
Pakistan,1996,0.060371663050655604
Pakistan,1997,0.05621216488901701
Pakistan,1998,0.05415095044254398
Pakistan,1999,0.05189899264906071
Pakistan,2000,0.04168722713814964
Pakistan,2001,0.038789339447945485
Pakistan,2002,0.04073770167876571
Pakistan,2003,0.04091427187356125
Pakistan,2004,0.0395603411669147
Pakistan,2005,0.038970193925629094
Pakistan,2006,0.03645255204377714
Pakistan,2007,0.03511986100110977
Pakistan,2008,0.03459371003627451
Pakistan,2009,0.03265223993229547
Pakistan,2010,0.03041893264806072
Pakistan,2011,0.029192431843814412
Pakistan,2012,0.030957735367377875
Pakistan,2013,0.030880200354032872
Pakistan,2014,0.030965796970477865
Pakistan,2015,0.031629866450829616
Pakistan,2016,0.032037767155062166
Pakistan,2017,0.03364449103178007
Pakistan,2018,0.035869617637850244
Pakistan,2019,0.035058403159512606
Pakistan,2020,0.03486679090203031
Pakistan,2021,0.03389238796139961
Pakistan,2022,0.03176832023525217
Pakistan,2023,0.028910603378362557
Pakistan,2024,0.02729955734811344
Pakistan,2025,0.029136125148539926
Poland,1980,0.026523297491039426
Poland,1981,0.029131856156919725
Poland,1982,0.03245582401730977
Poland,1983,0.02902946273830156
Poland,1984,0.03055037313432836
Poland,1985,0.03015797032072762
Poland,1986,0.029414035358604183
Poland,1987,0.027626918536009445
Poland,1988,0.02592055081170475
Poland,1989,0.018171215104928203
Poland,1990,0.026124857435062675
Poland,1991,0.02251650225202113
Poland,1992,0.02230999443207127
Poland,1993,0.024691873154448582
Poland,1994,0.022732321033505407
Poland,1995,0.019037995733022308
Poland,1996,0.019173924274854235
Poland,1997,0.01996494634196579
Poland,1998,0.01991657583358504
Poland,1999,0.018901422468595087
Poland,2000,0.018190453510787328
Poland,2001,0.018927041085947498
Poland,2002,0.01890974029161962
Poland,2003,0.01898903648348649
Poland,2004,0.01864693563374617
Poland,2005,0.019206518117010792
Poland,2006,0.019136927914289042
Poland,2007,0.0199879774345695
Poland,2008,0.01745557063248449
Poland,2009,0.01792687643023922
Poland,2010,0.018385183643741546
Poland,2011,0.017913148564358494
Poland,2012,0.018040464986111813
Poland,2013,0.017900581767380973
Poland,2014,0.019082273555200167
Poland,2015,0.021274238435335803
Poland,2016,0.019358935882869945
Poland,2017,0.018882872704618706
Poland,2018,0.020247282182281785
Poland,2019,0.019533831850501896
Poland,2020,0.022630537189540518
Poland,2021,0.022171632880183416
Poland,2022,0.02204589064288824
Poland,2023,0.03256722593853378
Poland,2024,0.03754716113506423
Poland,2025,0.044969375748071326
Russia,1980,
Russia,1981,
Russia,1982,
Russia,1983,
Russia,1984,
Russia,1985,
Russia,1986,
Russia,1987,
Russia,1988,
Russia,1989,
Russia,1990,
Russia,1991,
Russia,1992,0.04427032321253673
Russia,1993,0.041813246471226924
Russia,1994,0.04523700655387898
Russia,1995,0.0378442996742671
Russia,1996,0.03756558820802818
Russia,1997,0.04039809296781883
Russia,1998,0.027326490886568747
Russia,1999,0.030732879223510798
Russia,2000,0.033070298366754146
Russia,2001,0.035463192290881844
Russia,2002,0.037562773910801754
Russia,2003,0.03670838089601037
Russia,2004,0.03300353646604828
Russia,2005,0.03331237234416593
Russia,2006,0.03246357234058381
Russia,2007,0.03118542074775401
Russia,2008,0.031494860200222165
Russia,2009,0.039240634030283446
Russia,2010,0.03585085720121125
Russia,2011,0.034330438376013066
Russia,2012,0.036892404345990726
Russia,2013,0.03854042583143728
Russia,2014,0.04112992978223226
Russia,2015,0.04871514746802024
Russia,2016,0.05425147705045051
Russia,2017,0.042489960517394815
Russia,2018,0.037198224395643395
Russia,2019,0.03847420113893796
Russia,2020,0.04144717132419845
Russia,2021,0.036036875729172954
Russia,2022,0.04555854428668226
Russia,2023,0.05271702793917057
Russia,2024,0.06874152711397948
Russia,2025,0.07501484654936362
Saudi Arabia,1980,0.12613359238789398
Saudi Arabia,1981,0.13265238879736407
Saudi Arabia,1982,0.1772024639591604
Saudi Arabia,1983,0.16972927321774717
Saudi Arabia,1984,0.19004348363892404
Saudi Arabia,1985,0.16995200867351548
Saudi Arabia,1986,0.16945807530506257
Saudi Arabia,1987,0.16896414193660964
Saudi Arabia,1988,0.15151881883093307
Saudi Arabia,1989,0.13390316581901285
Saudi Arabia,1990,0.14024292645895356
Saudi Arabia,1991,0.12469807991021689
Saudi Arabia,1992,0.11284157983305221
Saudi Arabia,1993,0.12465372282065115
Saudi Arabia,1994,0.1064478167353803
Saudi Arabia,1995,0.09278468390115163
Saudi Arabia,1996,0.08468077759044465
Saudi Arabia,1997,0.11000935423416658
Saudi Arabia,1998,0.1431103745005927
Saudi Arabia,1999,0.11381936022584942
Saudi Arabia,2000,0.10534403313019293
Saudi Arabia,2001,0.11419004886992641
Saudi Arabia,2002,0.09758063800537974
Saudi Arabia,2003,0.08687118464557368
Saudi Arabia,2004,0.08081555658982431
Saudi Arabia,2005,0.07730598874819485
Saudi Arabia,2006,0.07848365211435224
Saudi Arabia,2007,0.08527049978268923
Saudi Arabia,2008,0.07353436467978287
Saudi Arabia,2009,0.09617199992293911
Saudi Arabia,2010,0.08565677294177529
Saudi Arabia,2011,0.07129973304373241
Saudi Arabia,2012,0.07513800202503454
Saudi Arabia,2013,0.0870665811214917
Saudi Arabia,2014,0.10260062930581228
Saudi Arabia,2015,0.12573414493074656
Saudi Arabia,2016,0.09237588391820173
Saudi Arabia,2017,0.09497263780745593
Saudi Arabia,2018,0.0841588417075285
Saudi Arabia,2019,0.07353289705394413
Saudi Arabia,2020,0.08406575834506151
Saudi Arabia,2021,0.0643097287664326
Saudi Arabia,2022,0.05723623554082916
Saudi Arabia,2023,0.06381610318242385
Saudi Arabia,2024,0.06405235095347082
Saudi Arabia,2025,0.06482319949446061
South Africa,1980,0.03304633660714713
South Africa,1981,0.03638129162703825
South Africa,1982,0.03614093296419316
South Africa,1983,0.03604648204989062
South Africa,1984,0.03695606959415467
South Africa,1985,0.03698333829683851
South Africa,1986,0.03820576324508852
South Africa,1987,0.04192170492479115
South Africa,1988,0.046237590225797064
South Africa,1989,0.04357884740698358
South Africa,1990,0.03896351478179259
South Africa,1991,0.032226338936080484
South Africa,1992,0.028176506145476527
South Africa,1993,0.024955236980003896
South Africa,1994,0.025619659006056582
South Africa,1995,0.021178640466774257
South Africa,1996,0.017558787981929086
South Africa,1997,0.015821335567195786
South Africa,1998,0.013831667231224512
South Africa,1999,0.012720529306273832
South Africa,2000,0.013872891314179923
South Africa,2001,0.014831610179860516
South Africa,2002,0.015293095587238605
South Africa,2003,0.014688112381823036
South Africa,2004,0.013557285779782652
South Africa,2005,0.012348112527295844
South Africa,2006,0.011538720055497833
South Africa,2007,0.010585196368661554
South Africa,2008,0.010394175930227198
South Africa,2009,0.010895047090638689
South Africa,2010,0.01003481068873508
South Africa,2011,0.010026534040547068
South Africa,2012,0.010335227408145783
South Africa,2013,0.010277940238382051
South Africa,2014,0.01021893996259682
South Africa,2015,0.010069286219608814
South Africa,2016,0.009710467649860928
South Africa,2017,0.009435684947504621
South Africa,2018,0.008947570647501159
South Africa,2019,0.008824302716709155
South Africa,2020,0.009565107323178558
South Africa,2021,0.0084452139179979
South Africa,2022,0.008492302876091958
South Africa,2023,0.00802102015523879
South Africa,2024,0.007561482907058191
South Africa,2025,0.007373520085170768
Sweden,1980,0.029234515960268402
Sweden,1981,0.02948237146870506
Sweden,1982,0.028537547840745758
Sweden,1983,0.027378226181065463
Sweden,1984,0.02671961322622973
Sweden,1985,0.02673008400073798
Sweden,1986,0.025865682563944857
Sweden,1987,0.02653290514666642
Sweden,1988,0.025852867488073583
Sweden,1989,0.02508833922261484
Sweden,1990,0.02568980315459189
Sweden,1991,0.0245430639025377
Sweden,1992,0.024441930717022584
Sweden,1993,0.023565705626852965
Sweden,1994,0.022538027112274192
Sweden,1995,0.021455478517224437
Sweden,1996,0.02124798182480324
Sweden,1997,0.01939673166585045
Sweden,1998,0.018945970481229785
Sweden,1999,0.01876909569410711
Sweden,2000,0.018217445273353013
Sweden,2001,0.017022922797398116
Sweden,2002,0.016286522337168385
Sweden,2003,0.015881629792890636
Sweden,2004,0.014340769405792429
Sweden,2005,0.014088832755237961
Sweden,2006,0.013199619953591226
Sweden,2007,0.013031712624213087
Sweden,2008,0.01170734065884821
Sweden,2009,0.011657412674694983
Sweden,2010,0.01194498935811063
Sweden,2011,0.011085513929770151
Sweden,2012,0.011357461057985583
Sweden,2013,0.011176943034594699
Sweden,2014,0.011347071120523274
Sweden,2015,0.010739467578805258
Sweden,2016,0.01058345233485423
Sweden,2017,0.010343567395260534
Sweden,2018,0.010431498604912642
Sweden,2019,0.010995578508068097
Sweden,2020,0.011519583151716936
Sweden,2021,0.012002746522548064
Sweden,2022,0.013426468560738876
Sweden,2023,0.015173720090239805
Sweden,2024,0.019932278351101382
Sweden,2025,0.024711848495400413
Türkiye,1980,0.039003132966796694
Türkiye,1981,0.03824531869979086
Türkiye,1982,0.04298151312126855
Türkiye,1983,0.03937605205460075
Türkiye,1984,0.0359709381495019
Türkiye,1985,0.035310431587825764
Türkiye,1986,0.036379924825208874
Türkiye,1987,0.03328585250483767
Türkiye,1988,0.029322086364339885
Türkiye,1989,0.03148726520916729
Türkiye,1990,0.03527705693787208
Türkiye,1991,0.03754364248079731
Türkiye,1992,0.03870566500210357
Türkiye,1993,0.039214172544982995
Türkiye,1994,0.040513593369920095
Türkiye,1995,0.028147727239987572
Türkiye,1996,0.030004283866006794
Türkiye,1997,0.02953551175235467
Türkiye,1998,0.0318113146614266
Türkiye,1999,0.03877210491603356
Türkiye,2000,0.036374107809721966
Türkiye,2001,0.03568861721030774
Türkiye,2002,0.03758815546712405
Türkiye,2003,0.032587721573929154
Türkiye,2004,0.026625908093245266
Türkiye,2005,0.023767050157020964
Türkiye,2006,0.023293234492550087
Türkiye,2007,0.02187262682754965
Türkiye,2008,0.02167810809461121
Türkiye,2009,0.02454143924136234
Türkiye,2010,0.02255520242303994
Türkiye,2011,0.020145200167090097
Türkiye,2012,0.019986172806053682
Türkiye,2013,0.019152239917485717
Türkiye,2014,0.018651949197301895
Türkiye,2015,0.018104473040281455
Türkiye,2016,0.020476519510286385
Türkiye,2017,0.020384707518643953
Türkiye,2018,0.024920666721758872
Türkiye,2019,0.026383842026924984
Türkiye,2020,0.021557795402108008
Türkiye,2021,0.01814458380201535
Türkiye,2022,0.01624804171015112
Türkiye,2023,0.01685271582274012
Türkiye,2024,0.018403146027679805
Türkiye,2025,0.0190825227714357
Ukraine,1980,
Ukraine,1981,
Ukraine,1982,
Ukraine,1983,
Ukraine,1984,
Ukraine,1985,
Ukraine,1986,
Ukraine,1987,
Ukraine,1988,
Ukraine,1989,
Ukraine,1990,
Ukraine,1991,
Ukraine,1992,
Ukraine,1993,0.0043464581913377764
Ukraine,1994,0.02417771794792689
Ukraine,1995,0.027349476085158836
Ukraine,1996,0.0317883449282933
Ukraine,1997,0.039882409038978564
Ukraine,1998,0.03244031799651914
Ukraine,1999,0.028835276394687304
Ukraine,2000,0.035110828488372096
Ukraine,2001,0.027692671954540074
Ukraine,2002,0.026761995062740778
Ukraine,2003,0.027455787708892936
Ukraine,2004,0.025068243349070325
Ukraine,2005,0.027924893306633565
Ukraine,2006,0.027715918133319122
Ukraine,2007,0.028700028165848285
Ukraine,2008,0.02672922274633566
Ukraine,2009,0.02840353870261298
Ukraine,2010,0.027419965423506457
Ukraine,2011,0.02258287711222616
Ukraine,2012,0.023534519768714197
Ukraine,2013,0.023928953083474046
Ukraine,2014,0.029673682585393674
Ukraine,2015,0.03847848476070934
Ukraine,2016,0.03668617868864623
Ukraine,2017,0.03241492915478793
Ukraine,2018,0.03635166079928051
Ukraine,2019,0.040679376503759676
Ukraine,2020,0.04400314702767075
Ukraine,2021,0.03425491995628571
Ukraine,2022,0.25642410471541566
Ukraine,2023,0.3603141289233597
Ukraine,2024,0.3395604459750722
Ukraine,2025,0.39561018358008804
United Kingdom,1980,0.050199034588874175
United Kingdom,1981,0.04983763369217456
United Kingdom,1982,0.05381326521154768
United Kingdom,1983,0.0539688559001511
United Kingdom,1984,0.055080794980595184
United Kingdom,1985,0.053207046190554656
United Kingdom,1986,0.05059823736797281
United Kingdom,1987,0.046866684426053296
United Kingdom,1988,0.042142876283884904
United Kingdom,1989,0.04040954331564307
United Kingdom,1990,0.03983217694585004
United Kingdom,1991,0.04116802422731712
United Kingdom,1992,0.038647177664126266
United Kingdom,1993,0.03590649512479788
United Kingdom,1994,0.033819337177653196
United Kingdom,1995,0.028383747469804568
United Kingdom,1996,0.027056730537944794
United Kingdom,1997,0.025420161245340026
United Kingdom,1998,0.024821309955641226
United Kingdom,1999,0.024067642236013313
United Kingdom,2000,0.023537693230013392
United Kingdom,2001,0.023856244466308928
United Kingdom,2002,0.024711470272524245
United Kingdom,2003,0.025392986931727635
United Kingdom,2004,0.02479595070784836
United Kingdom,2005,0.024164902995750578
United Kingdom,2006,0.023612687665479543
United Kingdom,2007,0.023655722008020727
United Kingdom,2008,0.024755387471533503
United Kingdom,2009,0.026349511788773282
United Kingdom,2010,0.02562503919376064
United Kingdom,2011,0.024880332653200558
United Kingdom,2012,0.02406592807186236
United Kingdom,2013,0.022824404450323965
United Kingdom,2014,0.02169862186917687
United Kingdom,2015,0.020366178462082263
United Kingdom,2016,0.019715134838795764
United Kingdom,2017,0.019363233839812855
United Kingdom,2018,0.019273135107082052
United Kingdom,2019,0.019684761520505682
United Kingdom,2020,0.021414233404872175
United Kingdom,2021,0.020391788845251037
United Kingdom,2022,0.020117668908714935
United Kingdom,2023,0.021518152555732178
United Kingdom,2024,0.024367191195539085
United Kingdom,2025,0.02353264154125178
United States of America,1980,0.05153537466516365
United States of America,1981,0.05646541256242576
United States of America,1982,0.06814057094412844
United States of America,1983,0.06321144259767165
United States of America,1984,0.06236416529638966
United States of America,1985,0.06453219204668603
United States of America,1986,0.06626522657898423
United States of America,1987,0.06420274022884877
United States of America,1988,0.06071277702094799
United States of America,1989,0.05871206008046527
United States of America,1990,0.056051752943879415
United States of America,1991,0.04883429397763131
United States of America,1992,0.04970466807682841
United States of America,1993,0.046043502950764446
United States of America,1994,0.04215264675177903
United States of America,1995,0.038602457917389046
United States of America,1996,0.03554982206352185
United States of America,1997,0.03405562244188548
United States of America,1998,0.032015584989699614
United States of America,1999,0.030856767832474617
United States of America,2000,0.031122421469767913
United States of America,2001,0.031238098026670255
United States of America,2002,0.034476180992877845
United States of America,2003,0.03827161044736226
United States of America,2004,0.04016312736406917
United States of America,2005,0.040892318752450786
United States of America,2006,0.040413423016603785
United States of America,2007,0.0407335051467688
United States of America,2008,0.04446595521562609
United States of America,2009,0.048757683587977364
United States of America,2010,0.049040230059583474
United States of America,2011,0.048224419760045226
United States of America,2012,0.04461709969933499
United States of America,2013,0.04023705604381548
United States of America,2014,0.036789181738764505
United States of America,2015,0.03464492925642766
United States of America,2016,0.034026023357511766
United States of America,2017,0.032977234873791963
United States of America,2018,0.033040005391034966
United States of America,2019,0.0340921408383721
United States of America,2020,0.03641576369415299
United States of America,2021,0.03398138103344754
United States of America,2022,0.03303415625692068
United States of America,2023,0.03293652410258671
United States of America,2024,0.034299288721725184
United States of America,2025,0.031173079810605936
Viet Nam,1980,
Viet Nam,1981,
Viet Nam,1982,
Viet Nam,1983,
Viet Nam,1984,
Viet Nam,1985,
Viet Nam,1986,
Viet Nam,1987,0.039537677871567804
Viet Nam,1988,0.07101610415695277
Viet Nam,1989,0.07286512654397893
Viet Nam,1990,0.07910856870456441
Viet Nam,1991,0.0559531724614442
Viet Nam,1992,0.03374588354503673
Viet Nam,1993,0.022586946912119096
Viet Nam,1994,0.02649355304871901
Viet Nam,1995,0.025914981742018717
Viet Nam,1996,0.025336410435318424
Viet Nam,1997,0.02475783912861813
Viet Nam,1998,0.024179267821917837
Viet Nam,1999,0.02360069651521754
Viet Nam,2000,0.023022125208517246
Viet Nam,2001,0.022443553901816952
Viet Nam,2002,0.02186498259511666
Viet Nam,2003,0.021286411288416365
Viet Nam,2004,0.020143798397051896
Viet Nam,2005,0.01780960852340424
Viet Nam,2006,0.019383645843636516
Viet Nam,2007,0.023047573367640677
Viet Nam,2008,0.020701749392189706
Viet Nam,2009,0.02728520425901902
Viet Nam,2010,0.018393388539789644
Viet Nam,2011,0.01755284839188683
Viet Nam,2012,0.02422944517749452
Viet Nam,2013,0.025839047609089894
Viet Nam,2014,0.0241150974461344
Viet Nam,2015,0.025545507639499105
Viet Nam,2016,0.024609351227145828
Viet Nam,2017,0.02276361180453406
Viet Nam,2018,0.02223099777018035
Viet Nam,2019,0.021701135791293444
Viet Nam,2020,0.020656891103443265
Viet Nam,2021,0.020537201896393076
Viet Nam,2022,0.017156181368834032
Viet Nam,2023,0.018339660259028754
Viet Nam,2024,0.018032348396447833
Viet Nam,2025,0.02153801933360168
